{
  "explorerscompass:explorers_compass_cracked_stone_bricks": {
    "criteria": {
      "has_recipe": "2024-07-31 13:41:46 +0000"
    },
    "done": true
  },
  "friendsandfoes:misc/yellow_dye_from_buttercup": {
    "criteria": {
      "has_the_recipe": "2024-07-31 13:41:46 +0000"
    },
    "done": true
  },
  "naturescompass:natures_compass_log": {
    "criteria": {
      "has_recipe": "2024-07-31 13:41:46 +0000"
    },
    "done": true
  },
  "naturescompass:natures_compass": {
    "criteria": {
      "has_recipe": "2024-07-31 13:41:46 +0000"
    },
    "done": true
  },
  "naturescompass:natures_compass_sapling": {
    "criteria": {
      "has_recipe": "2024-07-31 13:41:46 +0000"
    },
    "done": true
  },
  "explorerscompass:explorers_compass_cobweb": {
    "criteria": {
      "has_recipe": "2024-07-31 13:41:46 +0000"
    },
    "done": true
  },
  "explorerscompass:explorers_compass": {
    "criteria": {
      "has_recipe": "2024-07-31 13:41:46 +0000"
    },
    "done": true
  },
  "iceandfire:iceandfire/root": {
    "criteria": {
      "tick": "2024-07-31 13:41:47 +0000"
    },
    "done": true
  },
  "takesapillage:root": {
    "criteria": {
      "always": "2024-07-31 13:41:47 +0000"
    },
    "done": true
  },
  "dungeons_arise:wda_root": {
    "criteria": {
      "WDA": "2024-07-31 13:41:47 +0000"
    },
    "done": true
  },
  "undead_revamp2:theundeadchallenges": {
    "criteria": {
      "theundeadchallenges": "2024-07-31 13:41:47 +0000"
    },
    "done": true
  },
  "mowziesmobs:root": {
    "criteria": {
      "custom_test_name": "2024-07-31 13:41:47 +0000"
    },
    "done": true
  },
  "betterdungeons:root": {
    "criteria": {
      "always": "2024-07-31 13:41:47 +0000"
    },
    "done": true
  },
  "placeablesmod:placeables": {
    "criteria": {
      "placeables": "2024-07-31 13:41:47 +0000"
    },
    "done": true
  },
  "eeeabsmobs:eeeabsmobs/root": {
    "criteria": {
      "requirement": "2024-07-31 13:41:47 +0000"
    },
    "done": true
  },
  "betterdeserttemples:root": {
    "criteria": {
      "always": "2024-07-31 13:41:47 +0000"
    },
    "done": true
  },
  "cataclysm:root": {
    "criteria": {
      "custom_test_name": "2024-07-31 13:41:47 +0000"
    },
    "done": true
  },
  "incendium:technical/new_player": {
    "criteria": {
      "requirement": "2024-07-31 13:41:47 +0000"
    },
    "done": true
  },
  "incendium:technical/scroll_of_returning": {
    "criteria": {
      "log_spam_fixer": "2024-07-31 13:41:50 +0000"
    },
    "done": false
  },
  "incendium:technical/sentrys_wrath": {
    "criteria": {
      "log_spam_fixer": "2024-07-31 13:42:30 +0000"
    },
    "done": false
  },
  "incendium:technical/inventory/sentrys_wrath": {
    "criteria": {
      "log_spam_fixer": "2024-07-31 13:42:30 +0000"
    },
    "done": false
  },
  "incendium:technical/multiplex_crossbow": {
    "criteria": {
      "log_spam_fixer": "2024-07-31 13:42:30 +0000"
    },
    "done": false
  },
  "incendium:technical/using/ragnarok": {
    "criteria": {
      "log_spam_fixer": "2024-07-31 13:41:50 +0000"
    },
    "done": false
  },
  "incendium:technical/feed_ghastling": {
    "criteria": {
      "log_spam_fixer": "2024-07-31 13:42:30 +0000"
    },
    "done": false
  },
  "incendium:technical/on_inventory_change": {
    "criteria": {
      "log_spam_fixer": "2024-07-31 13:42:30 +0000"
    },
    "done": false
  },
  "incendium:technical/on_player_hurt": {
    "criteria": {
      "requirement": "2024-07-31 13:42:48 +0000",
      "log_spam_fixer": "2024-07-31 13:42:30 +0000"
    },
    "done": true
  },
  "incendium:technical/using/trailblazer": {
    "criteria": {
      "log_spam_fixer": "2024-07-31 13:41:50 +0000"
    },
    "done": false
  },
  "incendium:technical/firestorm": {
    "criteria": {
      "log_spam_fixer": "2024-07-31 13:42:30 +0000"
    },
    "done": false
  },
  "minecraft:adventure/adventuring_time": {
    "criteria": {
      "minecraft:plains": "2024-07-31 13:41:50 +0000"
    },
    "done": false
  },
  "incendium:technical/holy_wrath": {
    "criteria": {
      "log_spam_fixer": "2024-07-31 13:42:30 +0000"
    },
    "done": false
  },
  "incendium:technical/on_block": {
    "criteria": {
      "log_spam_fixer": "2024-07-31 13:42:30 +0000"
    },
    "done": false
  },
  "incendium:technical/using/shield": {
    "criteria": {
      "log_spam_fixer": "2024-07-31 13:41:50 +0000"
    },
    "done": false
  },
  "incendium:technical/inventory/firestorm": {
    "criteria": {
      "log_spam_fixer": "2024-07-31 13:42:30 +0000"
    },
    "done": false
  },
  "tombstone:adventure/root": {
    "criteria": {
      "auto": "2024-07-31 13:41:50 +0000"
    },
    "done": true
  },
  "incendium:technical/give_ghastling": {
    "criteria": {
      "log_spam_fixer": "2024-07-31 13:42:30 +0000"
    },
    "done": false
  },
  "incendium:technical/on_kill": {
    "criteria": {
      "log_spam_fixer": "2024-07-31 13:42:30 +0000"
    },
    "done": false
  },
  "mutantmonsters:root": {
    "criteria": {
      "killed_by_something": "2024-07-31 13:42:21 +0000"
    },
    "done": true
  },
  "tombstone:recipes/from_grave_key": {
    "criteria": {
      "has_ingredient": "2024-07-31 13:42:24 +0000"
    },
    "done": true
  },
  "tombstone:adventure/first_grave": {
    "criteria": {
      "coded_trigger": "2024-07-31 13:42:21 +0000"
    },
    "done": true
  },
  "minecraft:adventure/root": {
    "criteria": {
      "killed_by_something": "2024-07-31 13:42:21 +0000"
    },
    "done": true
  },
  "DataVersion": 3465
}